{"_runtime": 596, "val_loss_text": 12.91507488489151, "_timestamp": 1761921779.6355247, "epoch": 99, "train_loss_text": 2.779053844451904, "val_loss_total": 16.271621495485306, "_step": 100, "train_loss_total": 2.6778428077697756, "train_loss_image": 2.576631764411926, "val_loss_image": 19.628168046474457, "test_loss_total": 16.112502187490463, "test_loss_image": 19.50818806886673, "test_loss_text": 12.716816395521164}